Name,ICAM,p30,TIGIT,p30 + TIGIT
250206,57.142857142857146,78.57142857142857,100.0,92.85714285714286
250207,42.5531914893617,100.0,100.0,97.87234042553192
250212,52.5,97.5,92.5,100.0
250214,94.54545454545456,100.0,100.0,100.0
160125,56.0,88.0,96.0,92.0
150125,92.85714285714286,100.0,92.85714285714286,100.0
