Name,ICAM,p30,2A,p30 + 2A
241217,100.0,100.0,100.0,100.0
160125,56.0,88.0,100.0,88.0
150125,92.85714285714286,100.0,100.0,92.85714285714286
