Name,ICAM,p30,LILRB1,p30 + LILRB1
241206,90.9090909090909,59.09090909090909,90.9090909090909,72.72727272727273
241211,97.22222222222224,88.88888888888889,97.22222222222224,91.66666666666669
