Name,ICAM,p30,2A,p30 + 2A
241217,100.0,0.0,0.0,0.0
160125,60.0,0.0,0.0,0.0
150125,92.85714285714286,0.0,92.85714285714286,50.0
