Name,ICAM,p30,LILRB1,p30 + LILRB1
241206,81.81818181818181,68.18181818181819,86.36363636363636,90.9090909090909
241211,94.44444444444444,97.22222222222224,97.22222222222224,86.11111111111111
