Name,ICAM,p30,2A,p30 + 2A
241217,100.0,0.0,90.9090909090909,95.45454545454544
160125,96.0,80.0,92.0,88.0
150125,100.0,0.0,100.0,92.85714285714286
