Name,ICAM,p30,LILRB1,p30 + LILRB1
241206,86.36363636363636,100.0,95.45454545454544,100.0
241211,97.22222222222224,100.0,69.44444444444444,100.0
