Name,ICAM,p30,2A,p30 + 2A
241217,100.0,100.0,90.9090909090909,95.45454545454544
160125,68.0,84.0,88.0,88.0
150125,85.71428571428571,100.0,92.85714285714286,92.85714285714286
