Name,ICAM,p30,LILRB1,p30 + LILRB1
241206,77.27272727272727,100.0,90.9090909090909,100.0
241211,91.66666666666669,100.0,72.22222222222223,91.66666666666669
